{
  "formatVersion": 1,
  "name": "SV19_n3lo",
  "comment": "SV19 n3lo; the uncertanty replicas gives deviation along eigen direction of covariance matric (hesse)\nNP parameters: (repN, params...)\nrep=0 (mean), rep=-1 (grid initialisation)",
  "modules": [
    "TMDR",
    "uTMDPDF",
    "uTMDFF"
  ],
  "initial": {
    "TMDR": {
      "params": [
        1.92516,
        0.0426578
      ]
    },
    "uTMDPDF": {
      "params": [
        0.223808,
        9.23868,
        375.888,
        2.14611,
        -4.97177,
        0.25,
        0.0
      ]
    },
    "uTMDFF": {
      "params": [
        0.233382,
        0.478562,
        0.47218,
        0.511187
      ]
    }
  },
  "mean": {
    "TMDR": {
      "params": [
        1.92516,
        0.0426578
      ]
    },
    "uTMDPDF": {
      "params": [
        0.223808,
        9.23868,
        375.888,
        2.14611,
        -4.97177,
        0.0,
        0.0
      ]
    },
    "uTMDFF": {
      "params": [
        0.233382,
        0.478562,
        0.47218,
        0.511187
      ]
    }
  },
  "replicas": [
    {
      "TMDR": {
        "params": [
          1.84327,
          0.0492268
        ]
      },
      "uTMDPDF": {
        "params": [
          0.200963,
          9.23351,
          464.936,
          2.081,
          -4.11291,
          0.0,
          0.0
        ]
      },
      "uTMDFF": {
        "params": [
          0.231029,
          0.469223,
          0.468207,
          0.486613
        ]
      }
    },
    {
      "TMDR": {
        "params": [
          2.00705,
          0.0360888
        ]
      },
      "uTMDPDF": {
        "params": [
          0.246654,
          9.24384,
          286.841,
          2.21121,
          -5.83063,
          0.0,
          0.0
        ]
      },
      "uTMDFF": {
        "params": [
          0.235735,
          0.487901,
          0.476152,
          0.535761
        ]
      }
    },
    {
      "TMDR": {
        "params": [
          1.89684,
          0.043415
        ]
      },
      "uTMDPDF": {
        "params": [
          0.21405,
          9.06792,
          375.878,
          2.02537,
          -3.90181,
          0.0,
          0.0
        ]
      },
      "uTMDFF": {
        "params": [
          0.229071,
          0.469472,
          0.465838,
          0.4981
        ]
      }
    },
    {
      "TMDR": {
        "params": [
          1.95348,
          0.0419005
        ]
      },
      "uTMDPDF": {
        "params": [
          0.233567,
          9.40943,
          375.899,
          2.26685,
          -6.04173,
          0.0,
          0.0
        ]
      },
      "uTMDFF": {
        "params": [
          0.237693,
          0.487652,
          0.478522,
          0.524275
        ]
      }
    },
    {
      "TMDR": {
        "params": [
          1.95083,
          0.0421263
        ]
      },
      "uTMDPDF": {
        "params": [
          0.227763,
          8.81033,
          375.889,
          2.23471,
          -5.02944,
          0.0,
          0.0
        ]
      },
      "uTMDFF": {
        "params": [
          0.233109,
          0.475058,
          0.458939,
          0.517777
        ]
      }
    },
    {
      "TMDR": {
        "params": [
          1.89949,
          0.0431892
        ]
      },
      "uTMDPDF": {
        "params": [
          0.219854,
          9.66703,
          375.888,
          2.0575,
          -4.9141,
          0.0,
          0.0
        ]
      },
      "uTMDFF": {
        "params": [
          0.233655,
          0.482066,
          0.485421,
          0.504598
        ]
      }
    },
    {
      "TMDR": {
        "params": [
          2.12481,
          0.0362634
        ]
      },
      "uTMDPDF": {
        "params": [
          0.231947,
          9.24793,
          375.889,
          2.13718,
          -4.96582,
          0.0,
          0.0
        ]
      },
      "uTMDFF": {
        "params": [
          0.229578,
          0.484698,
          0.477261,
          0.515193
        ]
      }
    },
    {
      "TMDR": {
        "params": [
          1.72552,
          0.0490522
        ]
      },
      "uTMDPDF": {
        "params": [
          0.21567,
          9.22942,
          375.888,
          2.15504,
          -4.97772,
          0.0,
          0.0
        ]
      },
      "uTMDFF": {
        "params": [
          0.237186,
          0.472426,
          0.467098,
          0.507182
        ]
      }
    },
    {
      "TMDR": {
        "params": [
          1.92258,
          0.0470698
        ]
      },
      "uTMDPDF": {
        "params": [
          0.216246,
          9.22003,
          375.888,
          2.04949,
          -4.98591,
          0.0,
          0.0
        ]
      },
      "uTMDFF": {
        "params": [
          0.229976,
          0.482385,
          0.475524,
          0.497865
        ]
      }
    },
    {
      "TMDR": {
        "params": [
          1.92775,
          0.0382457
        ]
      },
      "uTMDPDF": {
        "params": [
          0.231371,
          9.25733,
          375.888,
          2.24273,
          -4.95763,
          0.0,
          0.0
        ]
      },
      "uTMDFF": {
        "params": [
          0.236787,
          0.474739,
          0.468836,
          0.524509
        ]
      }
    },
    {
      "TMDR": {
        "params": [
          1.92659,
          0.0425325
        ]
      },
      "uTMDPDF": {
        "params": [
          0.223975,
          9.23987,
          375.888,
          2.14592,
          -4.97212,
          0.0,
          0.0
        ]
      },
      "uTMDFF": {
        "params": [
          0.221531,
          0.460117,
          0.436038,
          0.49949
        ]
      }
    },
    {
      "TMDR": {
        "params": [
          1.92373,
          0.0427831
        ]
      },
      "uTMDPDF": {
        "params": [
          0.223642,
          9.23749,
          375.888,
          2.14629,
          -4.97142,
          0.0,
          0.0
        ]
      },
      "uTMDFF": {
        "params": [
          0.245232,
          0.497007,
          0.508322,
          0.522885
        ]
      }
    },
    {
      "TMDR": {
        "params": [
          1.92488,
          0.0425814
        ]
      },
      "uTMDPDF": {
        "params": [
          0.224486,
          9.2386,
          375.888,
          2.14259,
          -4.97193,
          0.0,
          0.0
        ]
      },
      "uTMDFF": {
        "params": [
          0.240623,
          0.480929,
          0.461618,
          0.53278
        ]
      }
    },
    {
      "TMDR": {
        "params": [
          1.92544,
          0.0427342
        ]
      },
      "uTMDPDF": {
        "params": [
          0.223131,
          9.23876,
          375.888,
          2.14962,
          -4.97161,
          0.0,
          0.0
        ]
      },
      "uTMDFF": {
        "params": [
          0.226141,
          0.476195,
          0.482741,
          0.489595
        ]
      }
    },
    {
      "TMDR": {
        "params": [
          1.92488,
          0.0432914
        ]
      },
      "uTMDPDF": {
        "params": [
          0.221748,
          9.23873,
          375.888,
          2.14653,
          -4.9717,
          0.0,
          0.0
        ]
      },
      "uTMDFF": {
        "params": [
          0.223782,
          0.484869,
          0.471354,
          0.513445
        ]
      }
    },
    {
      "TMDR": {
        "params": [
          1.92545,
          0.0420241
        ]
      },
      "uTMDPDF": {
        "params": [
          0.225869,
          9.23862,
          375.888,
          2.14568,
          -4.97184,
          0.0,
          0.0
        ]
      },
      "uTMDFF": {
        "params": [
          0.242982,
          0.472255,
          0.473005,
          0.50893
        ]
      }
    },
    {
      "TMDR": {
        "params": [
          1.92569,
          0.0440986
        ]
      },