{
  "formatVersion": 1,
  "name": "SV19_nnlo_all=0",
  "comment": "SV19 nnlo extraction with target and produced mass corrections neglected; qT corrections in kinematics neglected; the uncertanty replicas gives deviation along eigen direction of covariance matric (hesse)\nNP parameters: (repN, params...)\nrep=0 (mean), rep=-1 (grid initialisation)",
  "modules": [
    "TMDR",
    "uTMDPDF",
    "uTMDFF"
  ],
  "initial": {
    "TMDR": {
      "params": [
        2.0,
        0.0396449
      ]
    },
    "uTMDPDF": {
      "params": [
        0.184911,
        6.22948,
        583.591,
        2.44257,
        -2.51443,
        0.25,
        0.0
      ]
    },
    "uTMDFF": {
      "params": [
        0.279515,
        0.460032,
        0.436038,
        0.551413
      ]
    }
  },
  "mean": {
    "TMDR": {
      "params": [
        2.0,
        0.0396449
      ]
    },
    "uTMDPDF": {
      "params": [
        0.184911,
        6.22948,
        583.591,
        2.44257,
        -2.51443,
        0.0,
        0.0
      ]
    },
    "uTMDFF": {
      "params": [
        0.279515,
        0.460032,
        0.436038,
        0.551413
      ]
    }
  },
  "replicas": [
    {
      "TMDR": {
        "params": [
          2.0,
          0.0373303
        ]
      },
      "uTMDPDF": {
        "params": [
          0.18993,
          6.27361,
          504.661,
          2.37442,
          -2.42748,
          0.0,
          0.0
        ]
      },
      "uTMDFF": {
        "params": [
          0.281548,
          0.457431,
          0.430903,
          0.561333
        ]
      }
    },
    {
      "TMDR": {
        "params": [
          2.0,
          0.0419596
        ]
      },
      "uTMDPDF": {
        "params": [
          0.179893,
          6.18535,
          662.521,
          2.51072,
          -2.60139,
          0.0,
          0.0
        ]
      },
      "uTMDFF": {
        "params": [
          0.277481,
          0.462634,
          0.441173,
          0.541494
        ]
      }
    },
    {
      "TMDR": {
        "params": [
          2.0,
          0.0384775
        ]
      },
      "uTMDPDF": {
        "params": [
          0.187465,
          6.59692,
          583.591,
          2.44516,
          -2.85245,
          0.0,
          0.0
        ]
      },
      "uTMDFF": {
        "params": [
          0.281761,
          0.460122,
          0.436931,
          0.555546
        ]
      }
    },
    {
      "TMDR": {
        "params": [
          2.0,
          0.0408123
        ]
      },
      "uTMDPDF": {
        "params": [
          0.182357,
          5.86204,
          583.591,
          2.43997,
          -2.17642,
          0.0,
          0.0
        ]
      },
      "uTMDFF": {
        "params": [
          0.277269,
          0.459943,
          0.435144,
          0.547281
        ]
      }
    },
    {
      "TMDR": {
        "params": [
          2.0,
          0.0418749
        ]
      },
      "uTMDPDF": {
        "params": [
          0.187528,
          5.93969,
          583.59,
          2.50576,
          -2.82908,
          0.0,
          0.0
        ]
      },
      "uTMDFF": {
        "params": [
          0.278327,
          0.463489,
          0.442697,
          0.540353
        ]
      }
    },
    {
      "TMDR": {
        "params": [
          2.0,
          0.037415
        ]
      },
      "uTMDPDF": {
        "params": [
          0.182295,
          6.51927,
          583.592,
          2.37937,
          -2.19978,
          0.0,
          0.0
        ]
      },
      "uTMDFF": {
        "params": [
          0.280702,
          0.456576,
          0.429379,
          0.562474
        ]
      }
    },
    {
      "TMDR": {
        "params": [
          2.0,
          0.0387682
        ]
      },
      "uTMDPDF": {
        "params": [
          0.185739,
          6.23342,
          583.591,
          2.48457,
          -2.50976,
          0.0,
          0.0
        ]
      },
      "uTMDFF": {
        "params": [
          0.278244,
          0.461584,
          0.437148,
          0.556375
        ]
      }
    },
    {
      "TMDR": {
        "params": [
          2.0,
          0.0405216
        ]
      },
      "uTMDPDF": {
        "params": [
          0.184083,
          6.22554,
          583.591,
          2.40056,
          -2.51911,
          0.0,
          0.0
        ]
      },
      "uTMDFF": {
        "params": [
          0.280785,
          0.458481,
          0.434928,
          0.546452
        ]
      }
    },
    {
      "TMDR": {
        "params": [
          2.0,
          0.0394882
        ]
      },
      "uTMDPDF": {
        "params": [
          0.185453,
          6.22912,
          583.591,
          2.44018,
          -2.51454,
          0.0,
          0.0
        ]
      },
      "uTMDFF": {
        "params": [
          0.289589,
          0.473509,
          0.456078,
          0.565773
        ]
      }
    },
    {
      "TMDR": {
        "params": [
          2.0,
          0.0398017
        ]
      },
      "uTMDPDF": {
        "params": [
          0.184369,
          6.22984,
          583.591,
          2.44495,
          -2.51432,
          0.0,
          0.0
        ]
      },
      "uTMDFF": {
        "params": [
          0.26944,
          0.446556,
          0.415998,
          0.537054
        ]
      }
    },
    {
      "TMDR": {
        "params": [
          2.0,
          0.0395616
        ]
      },
      "uTMDPDF": {
        "params": [
          0.184612,
          6.2288,
          583.591,
          2.44111,
          -2.51499,
          0.0,
          0.0
        ]
      },
      "uTMDFF": {
        "params": [
          0.281495,
          0.459064,
          0.423269,
          0.5685
        ]
      }
    },
    {
      "TMDR": {
        "params": [
          2.0,
          0.0397282
        ]
      },
      "uTMDPDF": {
        "params": [
          0.185211,
          6.23016,
          583.591,
          2.44402,
          -2.51387,
          0.0,
          0.0
        ]
      },
      "uTMDFF": {
        "params": [
          0.277534,
          0.461001,
          0.448807,
          0.534327
        ]
      }
    },
    {
      "TMDR": {
        "params": [
          2.0,
          0.0391932
        ]
      },
      "uTMDPDF": {
        "params": [
          0.186299,
          6.22948,
          583.591,
          2.44298,
          -2.51438,
          0.0,
          0.0
        ]
      },
      "uTMDFF": {
        "params": [
          0.286107,
          0.455862,
          0.436151,
          0.550556
        ]
      }
    },
    {
      "TMDR": {
        "params": [
          2.0,
          0.0400967
        ]
      },
      "uTMDPDF": {
        "params": [
          0.183523,
          6.22948,
          583.591,
          2.44216,
          -2.51448,
          0.0,
          0.0
        ]
      },
      "uTMDFF": {
        "params": [
          0.272922,
          0.464203,
          0.435925,
          0.552271
        ]
      }
    },
    {
      "TMDR": {
        "params": [
          2.0,
          0.0402989
        ]
      },
      "uTMDPDF": {
        "params": [
          0.179266,
          6.22949,
          583.591,
          2.44274,
          -2.51446,
          0.0,
          0.0
        ]
      },
      "uTMDFF": {
        "params": [
          0.280322,
          0.45939,
          0.43627,
          0.551375
        ]
      }
    },
    {
      "TMDR": {
        "params": [
          2.0,
          0.038991
        ]
      },
      "uTMDPDF": {
        "params": [
          0.190557,
          6.22947,
          583.591,
          2.44239,
          -2.51441,
          0.0,
          0.0
        ]
      },