{
  "formatVersion": 1,
  "name": "SV19_n3lo_all=0",
  "comment": "SV19 n3lo extraction with target and produced mass corrections neglected; qT corrections in kinematics neglected; the uncertanty replicas gives deviation along eigen direction of covariance matric (hesse)\nNP parameters: (repN, params...)\nrep=0 (mean), rep=-1 (grid initialisation)",
  "modules": [
    "TMDR",
    "uTMDPDF",
    "uTMDFF"
  ],
  "initial": {
    "TMDR": {
      "params": [
        2.0,
        0.0442327
      ]
    },
    "uTMDPDF": {
      "params": [
        0.17975,
        3.9081,
        453.883,
        2.07199,
        1.60774,
        0.25,
        0.0
      ]
    },
    "uTMDFF": {
      "params": [
        0.26994,
        0.456091,
        0.423312,
        0.615092
      ]
    }
  },
  "mean": {
    "TMDR": {
      "params": [
        2.0,
        0.0442327
      ]
    },
    "uTMDPDF": {
      "params": [
        0.17975,
        3.9081,
        453.883,
        2.07199,
        1.60774,
        0.0,
        0.0
      ]
    },
    "uTMDFF": {
      "params": [
        0.26994,
        0.456091,
        0.423312,
        0.615092
      ]
    }
  },
  "replicas": [
    {
      "TMDR": {
        "params": [
          2.0,
          0.0423354
        ]
      },
      "uTMDPDF": {
        "params": [
          0.187406,
          3.89829,
          385.082,
          2.02165,
          1.52732,
          0.0,
          0.0
        ]
      },
      "uTMDFF": {
        "params": [
          0.271409,
          0.453907,
          0.417986,
          0.623867
        ]
      }
    },
    {
      "TMDR": {
        "params": [
          2.0,
          0.04613
        ]
      },
      "uTMDPDF": {
        "params": [
          0.172094,
          3.91791,
          522.684,
          2.12233,
          1.68815,
          0.0,
          0.0
        ]
      },
      "uTMDFF": {
        "params": [
          0.26847,
          0.458276,
          0.428638,
          0.606316
        ]
      }
    },
    {
      "TMDR": {
        "params": [
          2.0,
          0.0458385
        ]
      },
      "uTMDPDF": {
        "params": [
          0.180318,
          3.84112,
          453.883,
          2.09834,
          1.26378,
          0.0,
          0.0
        ]
      },
      "uTMDFF": {
        "params": [
          0.26886,
          0.45551,
          0.421161,
          0.61059
        ]
      }
    },
    {
      "TMDR": {
        "params": [
          2.0,
          0.0426269
        ]
      },
      "uTMDPDF": {
        "params": [
          0.179182,
          3.97508,
          453.882,
          2.04564,
          1.95169,
          0.0,
          0.0
        ]
      },
      "uTMDFF": {
        "params": [
          0.271019,
          0.456673,
          0.425462,
          0.619593
        ]
      }
    },
    {
      "TMDR": {
        "params": [
          2.0,
          0.045731
        ]
      },
      "uTMDPDF": {
        "params": [
          0.178755,
          3.62772,
          453.883,
          2.0823,
          1.66319,
          0.0,
          0.0
        ]
      },
      "uTMDFF": {
        "params": [
          0.269141,
          0.456936,
          0.423615,
          0.610844
        ]
      }
    },
    {
      "TMDR": {
        "params": [
          2.0,
          0.0427345
        ]
      },
      "uTMDPDF": {
        "params": [
          0.180745,
          4.18848,
          453.883,
          2.06168,
          1.55228,
          0.0,
          0.0
        ]
      },
      "uTMDFF": {
        "params": [
          0.270739,
          0.455247,
          0.423008,
          0.619339
        ]
      }
    },
    {
      "TMDR": {
        "params": [
          2.0,
          0.0433656
        ]
      },
      "uTMDPDF": {
        "params": [
          0.180308,
          3.91,
          453.883,
          2.1102,
          1.61031,
          0.0,
          0.0
        ]
      },
      "uTMDFF": {
        "params": [
          0.266755,
          0.455064,
          0.420936,
          0.615544
        ]
      }
    },
    {
      "TMDR": {
        "params": [
          2.0,
          0.0450998
        ]
      },
      "uTMDPDF": {
        "params": [
          0.179192,
          3.9062,
          453.883,
          2.03379,
          1.60516,
          0.0,
          0.0
        ]
      },
      "uTMDFF": {
        "params": [
          0.273125,
          0.457119,
          0.425688,
          0.614639
        ]
      }
    },
    {
      "TMDR": {
        "params": [
          2.0,
          0.0439024
        ]
      },
      "uTMDPDF": {
        "params": [
          0.180552,
          3.90778,
          453.883,
          2.072,
          1.60757,
          0.0,
          0.0
        ]
      },
      "uTMDFF": {
        "params": [
          0.275062,
          0.458051,
          0.419027,
          0.632996
        ]
      }
    },
    {
      "TMDR": {
        "params": [
          2.0,
          0.0445631
        ]
      },
      "uTMDPDF": {
        "params": [
          0.178948,
          3.90842,
          453.883,
          2.07198,
          1.6079,
          0.0,
          0.0
        ]
      },
      "uTMDFF": {
        "params": [
          0.264817,
          0.454132,
          0.427597,
          0.597187
        ]
      }
    },
    {
      "TMDR": {
        "params": [
          2.0,
          0.0442252
        ]
      },
      "uTMDPDF": {
        "params": [
          0.179822,
          3.90805,
          453.883,
          2.07053,
          1.60777,
          0.0,
          0.0
        ]
      },
      "uTMDFF": {
        "params": [
          0.265152,
          0.449452,
          0.408878,
          0.61373
        ]
      }
    },
    {
      "TMDR": {
        "params": [
          2.0,
          0.0442402
        ]
      },
      "uTMDPDF": {
        "params": [
          0.179678,
          3.90815,
          453.883,
          2.07345,
          1.6077,
          0.0,
          0.0
        ]
      },
      "uTMDFF": {
        "params": [
          0.274728,
          0.46273,
          0.437746,
          0.616453
        ]
      }
    },
    {
      "TMDR": {
        "params": [
          2.0,
          0.044851
        ]
      },
      "uTMDPDF": {
        "params": [
          0.176841,
          3.9081,
          453.883,
          2.07157,
          1.60769,
          0.0,
          0.0
        ]
      },
      "uTMDFF": {
        "params": [
          0.262869,
          0.460832,
          0.423348,
          0.616746
        ]
      }
    },
    {
      "TMDR": {
        "params": [
          2.0,
          0.0436144
        ]
      },
      "uTMDPDF": {
        "params": [
          0.182659,
          3.9081,
          453.883,
          2.07241,
          1.60778,
          0.0,
          0.0
        ]
      },
      "uTMDFF": {
        "params": [
          0.27701,
          0.45135,
          0.423275,
          0.613437
        ]
      }
    },
    {
      "TMDR": {
        "params": [
          2.0,
          0.0448166
        ]
      },
      "uTMDPDF": {
        "params": [
          0.17395,
          3.90812,
          453.883,
          2.07218,
          1.60774,
          0.0,
          0.0
        ]
      },
      "uTMDFF": {
        "params": [
          0.271483,
          0.45478,
          0.423356,
          0.615075
        ]
      }
    },
    {
      "TMDR": {
        "params": [
          2.0,
          0.0436488
        ]
      },
      "uTMDPDF": {
        "params": [
          0.18555,
          3.90808,
          453.883,
          2.0718,
          1.60773,
          0.0,
          0.0
        ]
      },
      "uTMDFF": {
        "params": [
          0.268397,
          0.457403,
          0.423267,
          0.615108
        ]
      }
    },
    {
      "TMDR": {
        "params": [
          2.0,
          0.0444946
        ]
      },